address,lattitude,longitude
"2110 Market St",37.767378,-122.429344
"993 Potrero",37.757272,-122.40632
"601 Terry A Francois Blvd",37.770135,-122.385801
"11 South Van Ness",37.77415,-122.418402
"101 California St",37.793243,-122.397495
"2000 Post St",37.785078,-122.434745
"600 California St",37.792779,-122.404392
"35 Gilbert St",37.774337,-122.403257
"2355 Post St",37.78397,-122.440218
"801 Stanyan St",37.767202,-122.453432
"2300 Stockton St",37.807107,-122.410072
"1 Market St",37.794191,-122.394409
"100 The Embarcadero",37.794444,-122.391835
"1101 California St",37.791355,-122.412394
"1390 Market St",37.777332,-122.417114
"150 California St",37.793588,-122.398056
"153 Townsend St",37.779602,-122.391181
"1700 California St",37.790504,-122.422345
"185 Berry St",37.775972,-122.392503
"199 Beale St",37.790147,-122.394056
"333 Market St",37.791931,-122.397284
"405 Howard St",37.788948,-122.394895
"410 Townsend St",37.775111,-122.397604
"500 Beach St",37.807207,-122.417277
"501 The Embarcadero",37.79995,-122.398604
"55 Francisco St",37.805308,-122.406049
"580 California St",37.792845,-122.403885
"644 Geary St",37.786789,-122.413768
"75 Howard St",37.791465,-122.391712
"750 Kearny St",37.794997,-122.404456
"900 North Point St",37.806192,-122.422413
"901 Illinois St",37.760264,-122.387094
"5400 Geary Blvd",37.780612,-122.477003
"347 18th Ave",37.781387,-122.47738
"1515 Scott St",37.783953,-122.438111
"2175 Market St",37.766205,-122.429913
"261 Ellis St",37.78493,-122.410102
"721 Filbert St",37.800838,-122.411435
"101 02nd St",37.788063,-122.399371
"101 Lombard St",37.803759,-122.403284
"120 Howard St",37.791226,-122.39275
"123 Mission St",37.792149,-122.393933
"150 Sacramento St",37.794666,-122.397052
"155 Sutter St",37.789661,-122.402956
"1650 Mission St",37.771641,-122.419414
"201 California St",37.793093,-122.398668
"201 Spear St",37.791284,-122.391995
"2186 Geary Blvd",37.783669,-122.43875
"220 Bush St",37.791273,-122.401069
"235 Montgomery St",37.791239,-122.402519
"250 Sacramento St",37.794514,-122.398244
"250 The Embarcadero",37.797017,-122.396118
"255 California St",37.793027,-122.399187
"2550 Powell St",37.808056,-122.41172
"260 Ofarrell St",37.78643,-122.408961
"325 Mason St",37.78635,-122.409795
"333 Bush St",37.790612,-122.402985
"333 Ofarrell St",37.785877,-122.410046
"335 Powell St (really On Geary)",37.787634,-122.40836
"343 Sansome St",37.793508,-122.4013
"345 California St",37.79289,-122.400264
"350 07th Ave",37.781965,-122.464796
"350 Rhode Island St",37.765354,-122.402692
"350 Sacramento St",37.794364,-122.39942
"388 Market St",37.791966,-122.398143
"395 03rd St",37.78275,-122.397136
"400 Howard St",37.789263,-122.395232
"425 Market St",37.791286,-122.398104
"439 Spear St",37.788556,-122.38858
"450 Sutter St",37.789484,-122.407641
"455 Market St",37.791109,-122.398327
"475 Brannan St",37.77872,-122.395415
"50 Beale St",37.791586,-122.396592
"50 California St",37.793742,-122.396851
"50 Fremont St",37.790896,-122.397471
"501 Post St",37.78781,-122.40999
"51 Clay St",37.795291,-122.395949
"55 02nd St",37.788697,-122.400167
"555 Market St",37.789843,-122.399941
"601 Van Ness Ave",37.780913,-122.420523
"610 Harrison St",37.784211,-122.395405
"650 King St",37.770589,-122.401611
"75 Hawthorne St",37.78513,-122.397899
"750 Battery St",37.79811,-122.400513
"1270 Mission St",37.776761,-122.414309
"3500 19th St",37.760252,-122.421627
"955 Sansome St",37.798865,-122.402399
"635 08th St",37.770928,-122.404467
"100 Henry Adams St",37.768401,-122.403931
"40 Rhode Island St",37.769274,-122.40306
"55 Division St",37.769548,-122.403298
"400 Tunnel Ave",37.709423,-122.401398
"525 Jones St",37.785987,-122.413093
"350 03rd St",37.783063,-122.398261
"706 Columbus Ave",37.801358,-122.411197
"60 Spear St",37.792852,-122.394689
"50 Cosmo Place",37.788216,-122.412463
"2100 Webster St",37.790116,-122.431956
"2300 California St",37.78926,-122.43213
"2405 Clay St",37.790643,-122.432532
"3620 California St",37.786576,-122.453962
"3838 California St",37.786036,-122.457464
"3905 Sacramento St",37.786636,-122.45696
"45 Castro St",37.7678,-122.435021
"460 Cherry St",37.786365,-122.456317
"1 Franklin St",37.774258,-122.420836
"110 Franklin St",37.77534,-122.420539
"2351 Mission St",37.759224,-122.418222
"24 Florida St",37.767881,-122.41187
"3115 Mission St",37.74756,-122.4181
"39 Grove St",37.778488,-122.41571
"400 Taylor St",37.786159,-122.410943
"470 Brannan St",37.778896,-122.395927
"525 Market St",37.790276,-122.39939
"555 Jackson St",37.796016,-122.404461
"611 Green St",37.799204,-122.409083
"625 Minna St",37.778102,-122.410645
"655 Minna St",37.777636,-122.411232
"660 Sutter St",37.789049,-122.411063
"665 Sutter St",37.788635,-122.411034
"730 Harrison St",37.781973,-122.398239
"768 Sansome St",37.797265,-122.401547
"8 Leland St",37.711395,-122.403595
"847 Front St",37.799102,-122.400031
"650 Gilman Ave",37.715708,-122.383139
"118 Hawthorne St",37.78417,-122.397422
"1 Shrader St",37.774796,-122.453051
"2235 Hayes St",37.772775,-122.453021
"2250 Hayes St",37.773491,-122.453826
"1 California St",37.793397,-122.396281
"1000 Van Ness Ave",37.784997,-122.420162
"101 Polk St",37.777618,-122.418194
"1062 Front St",37.801086,-122.39975
"1150 Post St",37.786877,-122.420614
"1340 Bush St",37.788975,-122.419211
"1735 The Embarcadero",37.808636,-122.413716
"2 Bay St",37.806646,-122.406227
"350 Pacific Ave",37.797734,-122.401313
"350 Parnassus Ave",37.764336,-122.455876
"356 Harriet St",37.774736,-122.402197
"40 Pier Fifteen",37.801496,-122.398232
"40 Pier Twentyseven",37.804874,-122.401683
"40 Pier Twentythree",37.803099,-122.399996
"50 Broadway",37.799242,-122.398296
"550 Kearny St",37.793096,-122.404072
"555 California St",37.792479,-122.403491
"71 Stevenson St",37.789169,-122.399747
"825 Sansome St",37.797698,-122.402163
"850 Front St",37.799346,-122.399539
"99 Golden Gate Ave",37.78186,-122.411679
"700 Eddy St",37.783236,-122.419196
"215 Fremont St",37.789113,-122.394501
"1140 Powell St",37.795097,-122.409351
"1140 Folsom St",37.776088,-122.408792
"1 Front St",37.791578,-122.398327
"100 Bush St",37.791467,-122.39954
"1199 Bush St",37.78888,-122.416621
"1220 Bush St",37.789213,-122.417298
"1234 Pine St",37.790331,-122.416032
"125 03rd St",37.786037,-122.401257
"25 10th St",37.776378,-122.416676
"147 Minna St",37.786521,-122.399982
"199 Fremont St",37.789375,-122.39483
"22 04th St",37.785264,-122.405469
"223 Stevenson St",37.786138,-122.40344
"225 Bush St",37.790866,-122.400986
"240 Pacific Ave",37.797852,-122.400267
"25 Beach St",37.807787,-122.409301
"29 Brady St",37.773165,-122.420277
"303 02nd St",37.785555,-122.396225
"333 03rd St",37.783516,-122.398097
"3490 California St",37.786809,-122.451339
"350 Sansome St",37.793662,-122.400805
"450 North Point St",37.806589,-122.414807
"475 Sansome St",37.794553,-122.401512
"500 Howard St",37.788484,-122.396218
"505 Montgomery St",37.793772,-122.403039
"55 Hawthorne St",37.785331,-122.398154
"550 California St",37.792917,-122.40333
"580 Brannan St",37.777101,-122.398199
"600 Montgomery St",37.794692,-122.402701
"601 Montgomery St",37.794626,-122.403214
"750 Bush St",37.790209,-122.409474
"750 Front St",37.798261,-122.399335
"795 Folsom St",37.781951,-122.400634
"80 Francisco St",37.80574,-122.406466
"999 California St",37.791604,-122.410422
"160 Jefferson St",37.808429,-122.415214
"1230 Carroll Ave",37.720762,-122.385344
"25 Arelious Walker Dr",37.718656,-122.385272
"528 Gilman Ave",37.715523,-122.382802
"690 Egbert Ave",37.717289,-122.382635
"76 Arelious Walker Dr",37.717781,-122.385961
"626 Green St",37.799588,-122.409371
"455 North Point St",37.806189,-122.414445
"450 10th St",37.770591,-122.411002
"5200 Geary Blvd",37.780701,-122.474839
"600 The Embarcadero",37.782798,-122.388456
"1021 Mission St",37.780314,-122.408922
"1310 Fillmore Street",37.78158,-122.431917
"160 Spear St",37.791621,-122.393148
"606 Capp St",37.756711,-122.417908
"1231 Market St",37.778157,-122.414288
"818 Leavenworth St",37.788603,-122.414785
"210 Taylor St",37.784339,-122.410454
"25 Mason St",37.783573,-122.409206
"530 Turk St",37.782479,-122.417626
"1375 Fillmore St",37.781996,-122.432527
"51 Hagiwara Tea Garden Dr",37.770372,-122.467449
"833 Bryant St",37.775276,-122.402871
"622 Washington St",37.795597,-122.403894
"3698 Laguna St",37.805093,-122.4316
"760 Bryant St",37.776908,-122.401542
"3 Transit Facility",37.807699,-122.474081
"25 Battery Cranston",37.806308,-122.475697
"1051 Taylor St",37.792017,-122.412623
"325 Grove St",37.777708,-122.421777
"550 Ofarrell St",37.78584,-122.413658
"433 Mason St",37.787537,-122.410033
"155 Steuart St",37.792666,-122.391977
"40 Pier Three",37.797931,-122.394909
"770 Broadway",37.797642,-122.409598
"1115 Gorgas Ave",37.801439,-122.450057
"100 Folsom St",37.790098,-122.391053
"1050 03rd St",37.775349,-122.390012
"1099 03rd St",37.775409,-122.388605
"1537 Mission St",37.77355,-122.417375
"179 Eddy St",37.783985,-122.409967
"1750 Fulton St",37.776062,-122.445491
"2210 Stockton St",37.806182,-122.409899
"2291 Stockton St",37.806728,-122.410533
"350 Bay St",37.805876,-122.412641
"350 Beach St",37.807533,-122.41466
"40 Pier Thirty",37.786579,-122.386544
"425 Broadway",37.797916,-122.40407
"55 Bryant St",37.786554,-122.388448
"788 Harrison St",37.781113,-122.399327
"1898 Van Ness Ave",37.7931,-122.422423
"2190 Ofarrell St",37.782429,-122.440539
"2238 Geary Blvd",37.783447,-122.440014
"4141 Geary Blvd",37.780234,-122.463375
"3657 Sacramento St",37.787184,-122.452633
"125 Stevenson St",37.788339,-122.400801
"111 Woodside Ave",37.746855,-122.456691
"728 Pacific Ave",37.797002,-122.407127
"1080 Sutter St",37.788174,-122.417912
"11 Oak St",37.775135,-122.419451
"1333 Castro St",37.75098,-122.433611
"1636 Powell St",37.799657,-122.410273
"2238 Clement St",37.78226,-122.482998
"301 06th St",37.778559,-122.405187
"400 03rd St",37.782317,-122.397325
"450 05th St",37.778334,-122.401205
"725 Harrison St",37.781832,-122.397681
"75 Natoma St",37.787622,-122.397654
"900 Sansome St",37.79851,-122.401802
"2300 Sutter St",37.785593,-122.438224
"401 Main St",37.788108,-122.389791
"204 02nd St",37.786478,-122.398115
"1401 Mission St",37.774961,-122.415697
"541 Ellis St",37.784305,-122.414997
"681 Green St",37.799097,-122.410015
"2299 Post St",37.784126,-122.439158
"178 Townsend St",37.779466,-122.392089
"655 Montgomery St",37.795063,-122.403304
"443 Divisadero St",37.773457,-122.437617
"2601 Mariposa St",37.762792,-122.409462
"1650 Webster St",37.785845,-122.430932
"1391 Sutter St",37.787122,-122.422901
"200 13th St",37.77007,-122.417702
"2927 Larkin St",37.804892,-122.421925
"425 Divisadero St",37.773319,-122.43759
"680 Stanyan St",37.769407,-122.453164
"3865 24th St",37.751362,-122.428709
"560 Mission St",37.788878,-122.398813
"2310 Powell St",37.80598,-122.411539
"423 Beach St",37.806968,-122.415846
"1800 Haight St",37.76951,-122.451988
"189 Hubbell St",37.76642,-122.397815
"2055 Chestnut St",37.800467,-122.436798
"90 Broadway",37.79892,-122.39945
"1910 Union St",37.797843,-122.430633
"150 Spear St",37.791721,-122.393274
"2144 Market St",37.767008,-122.429754
"1603 Montgomery St",37.803861,-122.405075
"345 Brannan St",37.780942,-122.392604
"1635 Divisadero St",37.784581,-122.439868
"675 Townsend St",37.770388,-122.402847
"599 02nd St",37.781986,-122.391757
"191 Beale St",37.790227,-122.394156
"235 Main St",37.790241,-122.392448
"69 Polk St",37.777129,-122.418203
"750 Golden Gate Ave",37.78087,-122.422774
"970 Howard St",37.780389,-122.406444
"98 Franklin St",37.775171,-122.420504
"40 Pier Fortyeight",37.775266,-122.38686
"10 Edie Rd",37.801334,-122.450645
"1060 Torney Ave",37.800181,-122.452067
"10 P-funston Ave",37.80005,-122.454433
"10 French Ct",37.802095,-122.455226
"1040 Mission St",37.780402,-122.409571
"1040 Sacramento St",37.793037,-122.409914
"1045 California St",37.791489,-122.411332
"148 Townsend St",37.779919,-122.391516
"1550 Bryant St",37.767874,-122.411236
"1650 Jackson St",37.794193,-122.422091
"201 02nd St",37.786833,-122.397828
"222 02nd St",37.78619,-122.397754
"222 Kearny St",37.790096,-122.403453
"350 02nd St",37.784593,-122.395751
"41 Tehama St",37.786975,-122.396277
"486 Jessie St",37.781798,-122.40883
"528 Jackson St",37.796517,-122.403793
"569 Post St",37.787693,-122.410902
"401 Jackson St",37.795894,-122.401792
"655 Sacramento St",37.793443,-122.403404
"680 02nd St",37.78072,-122.390904
"699 Columbus Ave",37.800893,-122.411315
"777 Harrison St",37.780976,-122.398765
"85 02nd St",37.788311,-122.399682
"345 Spear St",37.789602,-122.389889
"415 Taylor St",37.786327,-122.411404
"490 Post St",37.788273,-122.409635
"500 Post St",37.788217,-122.410073
"542 Geary St",37.787008,-122.412052
"655 Beach St",37.806493,-122.419635
"80 Hemlock Alley",37.787487,-122.419457
"875 California St",37.791835,-122.408584
"600 Stockton St",37.791379,-122.406896
"661 Broadway",37.797456,-122.407732
"642 Harrison St",37.783647,-122.396118
"600 Jamestown Ave",37.712639,-122.387363
"15 08th St",37.778656,-122.413863
"1550 Bay St",37.803316,-122.432369
"170 Columbus Ave",37.796956,-122.40484
"2720 Taylor St",37.807507,-122.415219
"555 Selby St",37.743769,-122.395643
"644 Brannan St",37.775859,-122.399771
"40 Pier Forty",37.781444,-122.387314
"1 Zoo Rd",37.730072,-122.502666
"205 13th St",37.769385,-122.417333
"1000 Ocean Avenue",37.72344,-122.452933
"123 Ofarrell Street",37.786027,-122.406906
"1275 20th Avenue",37.764012,-122.4783
"1325 08th Avenue",37.763473,-122.465276
"1340 07th Avenue",37.763299,-122.463668
"1399 Bush Street",37.788469,-122.419911
"1610 Geary Blvd",37.785053,-122.430324
"1660 Mission Street",37.771391,-122.419536
"1680 Fillmore St",37.784865,-122.432591
"174 West Portal Avenue",37.739141,-122.467847
"20 Norton Street",37.724924,-122.434984
"2055 Lombard Street",37.799625,-122.435051
"2450 California Street",37.788955,-122.434528
"25 Felton Street",37.729716,-122.404616
"250 Clay Street",37.795394,-122.398413
"2500 24th St",37.753235,-122.404721
"2500 Ocean Avenue",37.731462,-122.472183
"2501รก23rd St",37.754172,-122.40475
"255 03rd Street",37.784476,-122.399289
"3000 19th Avenue",37.732067,-122.474469
"324 08th Avenue",37.782328,-122.466071
"3252 Pierce Street",37.799922,-122.438994
"3255 21st Street",37.756703,-122.420134
"3255 24th Street",37.752041,-122.417317
"330 09th Avenue",37.782074,-122.46711
"333 Post Street",37.787732,-122.407341
"355 Mcallister Street",37.779843,-122.417484
"360 Grove Street",37.778055,-122.422341
"4061 24th Street",37.751105,-122.432972
"4116 18th St",37.761063,-122.435652
"415 07th Street",37.775198,-122.405403
"421 18th Ave",37.77987,-122.477273
"433 Kearny Street",37.791952,-122.404358
"44 Hoff Street",37.764204,-122.420583
"444 Stockton Street",37.789845,-122.406591
"457 Castro St",37.761655,-122.434434
"5732 Geary Blvd",37.780493,-122.480659
"733 Kearny Street",37.794631,-122.404913
"735 Vallejo Street",37.798242,-122.409227
"766 Vallejo Street",37.798624,-122.409512
"807 Ulloa St",37.74039,-122.464976
"833 Mission Street",37.783152,-122.405154
"469 Eddy St",37.783336,-122.415086
"1567 California St",37.790403,-122.41986
"2500 Mason St",37.806632,-122.413359
"1127 Mission St",37.778522,-122.411191
"801 Bryant St",37.775802,-122.402206
"1162 Mission St",37.778491,-122.41222
"925 Powell St",37.793148,-122.409484
"3555 Cesar Chavez St",37.747799,-122.420673
"1 Bush St",37.790868,-122.399192
"100 Pine St",37.792549,-122.398557
"121 Spear St",37.792312,-122.393281
"55 11th St",37.775084,-122.41757
"215 Townsend St",37.777397,-122.393619
"235 Pine St",37.79195,-122.399974
"255 12th St",37.771601,-122.415998
"300 California St",37.79335,-122.399927
"505 Brannan St",37.7779,-122.396453
"521 Mission St",37.788964,-122.397968
"650 Townsend St",37.771024,-122.402778
"1266 09th Ave",37.764681,-122.46591
"144 King St",37.779247,-122.390677
"1 Mission St",37.793409,-122.392392
"2254 Market St",37.765254,-122.432035
"1101 Sutter St",37.787694,-122.418399
"1725 Sacramento St",37.791183,-122.421129
"64 Golden Gate Ave",37.782323,-122.411334
"1480 Sutter St",37.787337,-122.424492
"1388 Sutter St",37.787533,-122.422956
"1776 Sacramento St",37.791502,-122.421907
"732 Washington St",37.795406,-122.405462
"45 03rd St",37.787017,-122.402516
"1600 Jackson St",37.794279,-122.42142
"77 Post St",37.788701,-122.402965
"265 Eddy St",37.78376,-122.411744
"565 Geary St",37.786546,-122.412402
"600 Townsend St",37.77174,-122.401872
"250 Brannan St",37.782932,-122.390821
"400 Grove St",37.777949,-122.423182
"401 Grove St",37.777543,-122.423098
"470 Broadway",37.798234,-122.404849
"515 Howard St",37.788001,-122.396093
"524 Howard St",37.788084,-122.396724
"530 Broadway",37.79811,-122.405814
"680 Mission St",37.786678,-122.401598
"701 Lombard St",37.802569,-122.412863
"65 Fresno St",37.798295,-122.406478
"75 Moss St",37.777642,-122.407375
"840 Sutter St",37.788664,-122.414094
"85 05th St",37.783019,-122.406129
"901 Howard St",37.781244,-122.404639
"345 06th St",37.778,-122.404486
"425 North Point St",37.806241,-122.414042
"1625 Owens St",37.768128,-122.393504
"1650 03rd St",37.768365,-122.389408
"1855 Folsom St",37.767406,-122.413806
"3111 17th St",37.764027,-122.415587
"3333 California St",37.786721,-122.448834
"500 Parnassus Ave",37.763756,-122.458208
"533 Laurel St",37.785836,-122.449486
"568 Laurel St",37.785487,-122.448926
"6 Kirkham St",37.760703,-122.460519
"64 Kirkham St",37.760677,-122.461122
"83 Channel St",37.772656,-122.393194
"2001 Union St",37.797235,-122.432138
"1550 Union St",37.798602,-122.424669
"909 Montgomery St",37.797357,-122.403771
"200 Kansas St",37.767124,-122.403817
"2130 Fulton St",37.775351,-122.451045
"998 Sansome St",37.798976,-122.401896
"3151 22nd St",37.755233,-122.417708
"10 Natoma St",37.78941,-122.396121
"136 Townsend St",37.7801,-122.391287
"1375 Sutter St",37.78715,-122.422686
"1398 Stevenson St",37.770026,-122.421668
"1399 Stevenson St",37.770058,-122.42115
"150 01st St",37.788955,-122.396797
"250 Main St",37.789788,-122.392615
"270 Brannan St",37.782668,-122.391155
"38 08th St",37.777949,-122.414013
"535 Mission St",37.788854,-122.398107
"546 Howard St",37.787717,-122.397188
"601 Bay St",37.804956,-122.416691
"67 Turk St",37.783027,-122.410031
"81 Minna St",37.787777,-122.398388
"855 Geary St",37.785946,-122.417104
"900 Folsom St",37.780281,-122.403485
"923 Brannan St",37.770754,-122.405492
"942 Jessie St",37.775481,-122.416587
"910 Brannan St",37.771168,-122.405704
"1945 Hyde St",37.798693,-122.419029
"1625 Powell St",37.7995,-122.410767
"229 07th St",37.77767,-122.408506
"735 Davis St",37.799159,-122.398833
"1280 Laguna St",37.782785,-122.427101
"273 Jefferson St",37.807694,-122.416627
"223 Sutter St",37.789557,-122.403782
"999 Polk St",37.785636,-122.419715
"2420 Sutter St",37.785347,-122.440162
"1014 Mission St",37.780716,-122.409153
"299 Valencia St",37.768277,-122.421766
"2020 Alameda St",37.768673,-122.404955
"30 Division St",37.768805,-122.410083
"344 14th St",37.76837,-122.420812
"501 08th St",37.772501,-122.40644
"899 Valencia St",37.758662,-122.420841
"450 South St",37.769331,-122.388117
"1590 Owens St",37.768434,-122.39583
"1670 Owens St",37.76755,-122.394847
"409 Illinois St",37.766705,-122.387222
"376 Larkin St",37.781169,-122.416635
"488 South Van Ness Ave",37.76538,-122.417594
"150 Hayes St",37.777549,-122.418755
"100 Van Ness Ave",37.776794,-122.419053
"175 Turk St",37.782824,-122.411753
"191 Turk St",37.782794,-122.411963
"150 Turk St",37.783237,-122.411494
"450 Winston Dr",37.728299,-122.481975
"98 N State Dr",37.725227,-122.480268
"3399 16th St",37.764288,-122.428004
"540 Bosworth St",37.733636,-122.433202
"150 Paul Ave",37.722912,-122.396935
"30 Rickard",37.733592,-122.408264
"1460 Marin St",37.748669,-122.393815
"121 Napoleon St",37.746807,-122.39818
"1 Custom House Pl",37.795803,-122.401195
"98 Napoleon St",37.747381,-122.395533
"2270 Jerrold Ave",37.745647,-122.400932
"100 Martin Luther King Jr Dr",37.76738,-122.46095
"3550 03rd St",37.744672,-122.387358
"3500 Great Hwy",37.726604,-122.505057
"2180 Harrison St",37.76308,-122.413383
"429 Folsom St",37.787448,-122.393674
"50 Main St",37.792277,-122.395717
"798 Frederick St",37.766083,-122.45724
"1220 Martin Luther King Jr Dr",37.767215,-122.483563
"2121 Evans Ave",37.748581,-122.396868
"751 Stanyan St",37.767873,-122.453457
"970 Ocean Ave",37.723341,-122.452464
"201 Williams Ave",37.729699,-122.397314
"375 Woodside Ave",37.745849,-122.452067
"99 Seargeant John Young St",37.724716,-122.445775
"1198 Phelps St",37.738096,-122.392929
"1200 Phelps St",37.737973,-122.39304
"1700 Jerrold Ave",37.740078,-122.391112
"1750 Jerrold Ave",37.740505,-122.391865
"1575 Bayshore Blvd",37.724188,-122.400575
"180 Napoleon St",37.747201,-122.39849
"320 Main St",37.788852,-122.391448
"333 Beale St",37.78834,-122.391791
"25 Napoleon St",37.746915,-122.396414
"444 Deharo St",37.764189,-122.401613
"51 Zoe St",37.779976,-122.395659
"179 Hayes St",37.777104,-122.419028
"601 Brannan St",37.776199,-122.398605
"180 Fair Oaks St",37.753835,-122.424243
"1034 Page St",37.772278,-122.437715
"1826 Haight St",37.769086,-122.452354
"40 Folsom St",37.790374,-122.390052
"3001 Ortega St",37.751267,-122.495533
"3109 Ortega St",37.751213,-122.496675
"350 Paul Ave",37.723218,-122.398223
"1515 19th Ave",37.759379,-122.476931
"379 09th Ave",37.781439,-122.467653
"610 Brannan St",37.776347,-122.399153
"400 North Point St",37.806689,-122.413803
"7 Lombard St",37.803832,-122.402348
"371 12th St",37.770418,-122.413294
"655 Brotherhood Way",37.712568,-122.472875
"66 Potrero St",37.76863,-122.407905
"915 Minna St",37.774197,-122.4156
"971 Minna St",37.774318,-122.416078
"2015 Steiner St",37.787865,-122.435401
"2323 Sacramento St",37.789942,-122.430967
"2349 Sacramento St",37.789898,-122.431317
"2085 03rd St",37.763284,-122.388246
"101 Phelan Ave",37.725635,-122.453036
"1125 Valencia St",37.754791,-122.420471
"45 Gough St",37.772321,-122.421278
"50 Science Cir",37.725677,-122.450833
"750 Eddy St",37.783151,-122.419864
"138 05th St",37.781832,-122.405576
"174 05th St",37.781621,-122.405302
"3850 17th St",37.762817,-122.431796
"1800 Hayes St",37.774038,-122.446352
"1860 Hayes St",37.773959,-122.44709
"398 Jefferson St",37.808045,-122.418807
"599 Cambridge St",37.724152,-122.417022
"115 08th St",37.77703,-122.413038
"200 Paul Ave",37.723039,-122.397471
"100 Potrero Ave",37.767745,-122.40888
"201 08th St",37.776276,-122.411179
"101 Market St",37.793506,-122.39528
"1160 Bay St",37.804562,-122.42605
"985 North Point St",37.805081,-122.423071
"33 New Montgomery St",37.788451,-122.401239
"645 14th Ave",37.775927,-122.472579
"2290 14th Ave",37.745429,-122.469938
"1 Welsh St",37.779806,-122.396057
"821 02nd St",37.779815,-122.38879
"1717 44th Ave",37.754435,-122.503432
"333 Main St",37.789021,-122.390928
"4398 Mission St",37.727285,-122.432905
"1835 Ellis St",37.781608,-122.436198
"401 Newhall St",37.741717,-122.386212
"2130 Ofarrell St",37.782519,-122.439953
"2350 Geary Blvd",37.783215,-122.44182
"759 Stanyan St",37.767969,-122.454502
"825 Brotherhood Way",37.714226,-122.47691
"128 Delbrook Ave",37.749142,-122.454234
"173 Woodside Ave",37.746627,-122.455626
"181 Woodside Ave",37.746598,-122.455503
"185 Woodside Ave",37.746583,-122.455441
"281 Laguna Honda Blvd",37.749616,-122.459782
"321 Florida St",37.764936,-122.410946
"3251 18th St",37.761571,-122.416201
"1101 Eucalyptus Dr",37.730819,-122.483418
"1201 Ortega St",37.752119,-122.476201
"1268 Missouri St",37.7504,-122.395438
"200 Bacon St",37.727496,-122.404584
"3250 19th Ave",37.729387,-122.474217
"1849 Harrison St",37.767634,-122.412831
"1001 Minnesota St",37.757507,-122.390459
"949 Presidio Ave",37.782636,-122.446318
"1210 15th St",37.766382,-122.412549
"616 Hemlock St",37.786385,-122.428228
"602 Potrero Ave",37.761729,-122.407303
"1 Mendell St",37.743143,-122.383019
"10 Clyde St",37.77854,-122.394158
"10 Silliman St",37.731341,-122.405143
"1002 Bryant St",37.772554,-122.40705
"101 10th St",37.775227,-122.41536
"1010 03rd St",37.77592,-122.390065
"1150 25th St",37.752849,-122.390043
"1164 Evans Ave",37.7385,-122.379847
"1212 24th St",37.764799,-122.48214
"1255 Columbus Ave",37.805419,-122.417854
"1413 Folsom St",37.772469,-122.412641
"1501 15th St",37.766546,-122.417782
"159 Erie St",37.768839,-122.419127
"1619 Franklin St",37.789359,-122.423895
"1875 Alemany Blvd",37.722132,-122.437732
"191 Jennings St",37.739176,-122.37721
"200 Vallejo St",37.79968,-122.401151
"201 Jennings St",37.738899,-122.377459
"235 Kansas St",37.766793,-122.403267
"2372 Green St",37.795961,-122.43793
"240 05th St",37.780788,-122.404275
"251 Cargo Way",37.745231,-122.384721
"253 Cargo Way",37.745404,-122.385074
"2540 Lombard St",37.799118,-122.443218
"2699 03rd St",37.755609,-122.387523
"2822 Pine St",37.786997,-122.442227
"2850 Alemany Blvd",37.712698,-122.451332
"314 Randolph St",37.714442,-122.465304
"3236 24th St",37.75248,-122.416902
"3244 24th St",37.752471,-122.417056
"3250 Mission St",37.744748,-122.420504
"3270 17th St",37.763624,-122.418761
"34 Mary St",37.781367,-122.406557
"340 05th St",37.779566,-122.402748
"340 Townsend St",37.776438,-122.395923
"3435 Cesar Chavez St",37.747838,-122.418798
"355 Brannan St",37.780687,-122.392926
"360 Spear St",37.78915,-122.390056
"380 Fremont St",37.786877,-122.392428
"385 Brannan St",37.780208,-122.393532
"390 Turk St",37.782775,-122.415274
"40 Zeno St",37.787837,-122.393052
"420 Harrison St",37.78668,-122.392279
"440 Spear St",37.788251,-122.388929
"501 02nd St",37.78315,-122.393212
"511 Harrison St",37.785629,-122.392874
"515 Folsom St",37.786657,-122.394675
"528 03rd St",37.780688,-122.395285
"57 Zoe St",37.779916,-122.395584
"5315 Mission St",37.714248,-122.44242
"540 Eddy St",37.783584,-122.416435
"577 02nd St",37.782329,-122.392185
"581 Mcallister St",37.779689,-122.421256
"585 Harrison St",37.784397,-122.394434
"590 15th St",37.767309,-122.406346
"594 Hayes St",37.776649,-122.425883
"600 Bryant St",37.779488,-122.398277
"6215 03rd St",37.72206,-122.395235
"624 04th St",37.77782,-122.396131
"625 Harrison St",37.783612,-122.395427
"640 03rd St",37.779369,-122.393633
"640 Bryant St",37.778911,-122.399007
"660 03rd St",37.779167,-122.39338
"719 Taylor St",37.788957,-122.411999
"732 Geary St",37.7866,-122.415251
"751 Valencia St",37.760748,-122.421045
"764 Bryant St",37.776843,-122.401625
"801 23rd St",37.754892,-122.388135
"809 Franklin St",37.78177,-122.422361
"828 Brannan St",37.772573,-122.403927
"910 Minna St",37.774641,-122.415736
"920 Howard St",37.781204,-122.405424
"931 Mission St",37.781791,-122.407054
"937 Ofarrell St",37.784627,-122.419965
"942 Avalon Ave",37.724432,-122.424151
"45 Harriet St",37.778848,-122.406609
"702 York St",37.760328,-122.409086
"100 North Point St",37.807264,-122.409032
"2899 Taylor St",37.809485,-122.416793
"2277 Shafter Ave",37.738034,-122.4034
"1943 Carroll Ave",37.728547,-122.399517
"2755 14th Ave",37.738028,-122.46934
"500 Washington St",37.795863,-122.40163
"230 Beach St",37.807679,-122.413526
"599 Judson Ave",37.728256,-122.453647
"1 Peter York Way",37.785531,-122.424618
"333 12th St",37.770716,-122.413969
"2520 Irving St",37.763375,-122.484734
"832 Folsom St",37.781487,-122.401957
"650 Mcallister St",37.779935,-122.422582
"350 Amber Dr",37.744401,-122.44139
"301 Grove St",37.777749,-122.421455
"1901 Cesar Chavez St",37.749514,-122.395695
"350 Masonic Ave",37.778122,-122.446496
"860 02nd St",37.779334,-122.388372
"368 Fulton St",37.778975,-122.422638
"3431 17th St",37.763012,-122.422103
"455 06th Ave",37.77996,-122.464631
"440 Hayes St",37.776955,-122.423485
"645 05th St",37.776143,-122.397726
"1001 Potrero Ave",37.755988,-122.406109
"2401 22nd St",37.7567,-122.404475
"2498 22nd St",37.757202,-122.40541
"151 03rd St",37.785674,-122.400793
"1512 Golden Gate Ave",37.779259,-122.435417
"541 Mcallister St",37.779756,-122.42072
"3630 Divisadero St",37.80308,-122.443033
"430 Texas St",37.760855,-122.395464
"3772 17th St",37.762968,-122.429559
"3205 16th St",37.764441,-122.424178
"431 Capitol Ave",37.714298,-122.459108
"1651 Union St",37.797986,-122.42623
"1080 Valencia St",37.755554,-122.421064
"1 Berry St",37.779722,-122.387722
"2401 Keith",37.725993,-122.391889
"1280 05th Ave",37.764562,-122.461608
"2 27th St",37.747382,-122.421333
"4186 24th St",37.75134,-122.435694
"2001 37th Ave",37.749414,-122.495557
"2790 Rivera St",37.746045,-122.495958
"25 9th St",37.777335,-122.41544
"301 Elm St",37.781014,-122.42212
"3301 Ortega St",37.751121,-122.498746
"505 Tunnel Ave",37.708475,-122.400881
"13 Christmas Tree Point Rd",37.754477,-122.446512
"50 Lusk St",37.778503,-122.394018
"5301 03rd St",37.729205,-122.392171
"1701 Divisadero St",37.785248,-122.44
"2300 Harrison St",37.760145,-122.412785
"2325 Post St",37.784034,-122.439714
"533 Laurel St",37.785836,-122.449486
"80 Upper Service Rd",37.761215,-122.456275
"1930 Market St",37.770527,-122.425638
"60 Upper Service Rd",37.760455,-122.455416
"1939 Market St",37.76984,-122.425299
"48 Julian St",37.767362,-122.421205
"55 Fillmore St",37.769891,-122.430241
"2130 Post St",37.784821,-122.436788
"2474 Sacramento St",37.790041,-122.433489
"2157 17th St",37.765023,-122.405759
"155 Hermann St",37.77012,-122.427703
"2450 Turk Blvd",37.778599,-122.448297
"2632 Turk Blvd",37.778391,-122.449939
"2901 Turk Blvd",37.777563,-122.453251
"15 Onondaga Ave",37.721065,-122.437731
"4840 Mission St",37.720746,-122.437892
"1580 15th St",37.766861,-122.419162
"2632 Pine St",37.787403,-122.439036
"81 Yacht Rd",37.807288,-122.445262
"588 Portola Dr",37.745797,-122.451477
"2435 Van Ness Ave",37.797869,-122.424032
"Pier 50",37.773118,-122.382127
"Pier 50",37.773849,-122.383233
" ",37.789375,-122.460664
"99 Howard Rd",37.788269,-122.480081
" ",37.801365,-122.473048
"1398 Bosworth St",37.736906,-122.440899
"925 Chenery St",37.734833,-122.4373
"715 Chenery St",37.734394,-122.434123
"55 Laguna St",37.771663,-122.425703
"1940 Market St",37.770135,-122.425853
"601 25th St",37.752573,-122.384896
"840 Cesar Chavez St",37.750647,-122.385202
"700 Cesar Chavez St",37.750778,-122.383093
"721 Cesar Chavez St",37.750085,-122.383136
"151 Maryland St",37.751043,-122.380732
"999 Pennsylvania St",37.753591,-122.392231
"751 23rd St",37.75494,-122.387446
"791 24th St",37.753802,-122.387418
"901 Rankin St",37.740516,-122.395615
"1399 Marin St",37.748548,-122.389063
"80 Charter Oak St",37.737053,-122.404927
"290 North Point St",37.806931,-122.41166
"1879 Bryant St",37.763773,-122.408762
"1201 Mason St",37.794662,-122.411538
"2350 San Jose Ave",37.72025,-122.447141
"2250 San Jose Ave",37.721287,-122.446368
"Terry Francois Blvd",37.772948,-122.386775
"407 South Van Ness",37.7666,-122.417156
"372 Shotwell St",37.762411,-122.416166
"3254 19th St",37.76059,-122.416603
"3380 20th St",37.758909,-122.416244
"2320 Folsom St",37.759939,-122.415125
"2226 Folsom St",37.761708,-122.41536
"2256 Folsom St",37.761268,-122.415059
"3148 19th St",37.760919,-122.413616
"500 Treat Ave",37.761893,-122.413718
"3120 18th St",37.761962,-122.413192
"3186 18th St",37.7623,-122.414224
"3066 17th St",37.764322,-122.414062
"418 Alabama St",37.763976,-122.411608
"1300 Bryant St",37.768646,-122.411169
"2431 Alameda St",37.767757,-122.409248
"120 14th St",37.768579,-122.416155
"352 Florida St",37.764778,-122.411401
"2498 23rd St",37.754734,-122.404264
"2670 23rd St",37.754515,-122.405771
"1091 Potrero Ave",37.75488,-122.40585
"1380 14th Ave",37.762396,-122.471134
"Pier 96",37.740114,-122.371834
"1899 Tennessee St",37.747962,-122.387908
"101 23rd St",37.755664,-122.381762
"120 23rd Street",37.755848,-122.383571
"102 23rd Street",37.756475,-122.382758
"550 22nd St",37.758586,-122.386738
"101 20th Street",37.758249,-122.38345
" ",37.788885,-122.387074
" ",37.800217,-122.397242
"Pier Twentyseven",37.803972,-122.400818
" ",37.80911,-122.41663
"93 Emerson St",37.783336,-122.447678
"Blake St",37.783333,-122.451558
Geary,37.781358,-122.453223
Geary,37.781321,-122.462539
Geary,37.780754,-122.462168
Geary,37.780789,-122.461166
Geary,37.781434,-122.460263
"09th Ave",37.782278,-122.46698
"08th Ave",37.781916,-122.466616
"1064 Mission St",37.780199,-122.409833
"450 Jessie St",37.782453,-122.40811
"971 Mission St",37.781337,-122.407627
"467 Minna St",37.780934,-122.407166
"109 Turk St",37.782899,-122.411053
"2550 41st Ave",37.739683,-122.498264
"20 N State Dr",37.726324,-122.481526
"3659 19th Ave",37.721634,-122.475679
"99 S State Dr",37.724063,-122.481184
Sfsu,37.724246,-122.478782
"32 S State Dr",37.724095,-122.4829
"1584 Holloway Ave",37.721178,-122.476832
"69 Page St",37.773951,-122.421251
"2521 San Bruno Ave",37.729864,-122.404078
"5190 03rd St",37.730826,-122.392162
"1401 19th Ave",37.761452,-122.477135
"961 Ocean Ave",37.722866,-122.452504
"4870 Geary Blvd",37.780922,-122.471269
"2290 Jennings St",37.725965,-122.389728
"762 Fulton St",37.778175,-122.428913
"5201 03rd St",37.730897,-122.391647
"1798 Alemany Blvd",37.723782,-122.437406
"2901 Bryant St",37.748282,-122.408253
"2505 Lombard St",37.798676,-122.442611
"2322 Lombard St",37.799586,-122.43965
"1298 Howard St",37.775213,-122.412999
"1200 Irving St",37.764001,-122.470527
"5894 Mission St",37.709027,-122.45234
"50 03rd St",37.786664,-122.402804
"2831 Cesar Chavez St",37.748504,-122.406392
"1850 Mission St",37.767397,-122.419971
"1251 Ocean Ave",37.723506,-122.455536
"701 Phelps St",37.740875,-122.389797
"1890 19th Ave",37.752644,-122.475802
"6202 03rd St",37.72244,-122.39572
"47 Duboce Ave",37.769658,-122.420855
"1450 Noriega St",37.754278,-122.478985
"2720 14th Ave",37.738453,-122.469124
"2835 Geary Blvd",37.781874,-122.44922
"3279 23rd St",37.753611,-122.417913
"2645 San Bruno Ave",37.728301,-122.40343
"1201 Columbus Ave",37.805048,-122.417324
"1300 Carroll",37.72202,-122.387604
"1326 Grove St",37.776014,-122.438362
"2222 Market St",37.765493,-122.431649
"280 Lee Ave",37.723012,-122.453664
"3950 24th St",37.75166,-122.430616
"1504 Bryant St",37.768139,-122.410956
"1717 Harrison St",37.76899,-122.412576
"625 Bay Shore Blvd",37.737456,-122.40634
"364 09th St",37.772783,-122.410626
"121 07th St",37.778846,-122.409981
"140 07th St",37.778468,-122.41024
"112 07th St",37.77883,-122.410694
"20 Orange St",37.752255,-122.420172
"1301 Van Ness Ave",37.787374,-122.421783
"160 Church St",37.768382,-122.429399
"2460 Lombard St",37.799293,-122.441833
"2400 Irving St",37.76343,-122.483486
"1675 Howard St",37.77068,-122.416985
"220 San Bruno St",37.766215,-122.406036
"350 Broderick St",37.773377,-122.438738
"1533 Bush St",37.788162,-122.422312
"1599 Lombard St",37.800592,-122.427436
"40 Pier Seven",37.799695,-122.397496
"245 Bay Shore Blvd",37.744091,-122.403945
"4780 Mission St",37.721722,-122.437112
"830 Eddy St",37.782978,-122.421236
"1485 Bayshore Blvd",37.725829,-122.401116
"1555 Burke Ave",37.744255,-122.386035
"1750 Cesar Chavez St",37.750016,-122.394168
"1799 Egbert Ave",37.726489,-122.398957
"1945 Carroll Ave",37.728556,-122.399554
"2177 Jerrold Ave",37.744519,-122.399834
"222 Napoleon St",37.746896,-122.399572
"3450 03rd St",37.745545,-122.387265
"50 Mendell St",37.743536,-122.383473
"175 Mendell St",37.742001,-122.383408
"1095 Hyde St",37.79077,-122.417433
"200 Industrial Ave",37.738879,-122.404108
"359 08th St",37.774495,-122.408948
"118 Hawthorne St",37.78417,-122.397422
"2015 Greenwich St",37.799074,-122.432702
"2311 Taraval St",37.742127,-122.490684
"1101 Van Ness Ave",37.78574,-122.422046
"186 Sanchez St",37.766157,-122.431112
"727 Valencia St",37.761502,-122.421137
"101 Bayshore",37.749738,-122.40509
"3675 Geary Blvd",37.780955,-122.45832
"6002 Geary Blvd",37.780324,-122.483447
"784 Ulloa St",37.740834,-122.464376
"3750 03rd St",37.743117,-122.387839
"1929 Market St",37.770109,-122.424905
"838 Oak St",37.773827,-122.432992
"1201 19th Ave",37.765204,-122.477432
"701 Rutland St",37.713043,-122.406649
"1900 Noriega St",37.754062,-122.483906
"4481 Geary Blvd",37.780578,-122.466841
"2675 Geary Blvd",37.781559,-122.445957
"3003 03rd St",37.751081,-122.387103
"1601 Folsom St",37.770636,-122.414644
"1298 Valencia St",37.7522,-122.420748
"388 32nd Ave",37.781904,-122.491946
"888 Tennessee St",37.760604,-122.389576
"1075 Columbus Ave",37.803936,-122.415719
"2775 Van Ness Ave",37.80096,-122.424657
"601 Bay Shore Blvd",37.737784,-122.406381
"355 Ocean Ave",37.722705,-122.443992
"450 Connecticut St",37.760531,-122.397378
"275 Taraval St",37.743097,-122.468614
"625 Brotherhood Way",37.71236,-122.472341
"801 Silver Ave",37.729215,-122.419226
"6190 03rd St",37.722746,-122.39564
"1901 Lombard St",37.799928,-122.432663
"2190 Lombard St",37.799884,-122.437302
"1870 Cesar Chavez St",37.749922,-122.395786
"723 Lincoln Way",37.765656,-122.465462
"2208 Alameda St",37.768562,-122.406796
"2358 Lombard St",37.799523,-122.440147
"1237 South Vanness Ave",37.753306,-122.415907
"4201 18th St",37.760564,-122.436012
"3127 Mission St",37.747282,-122.418281
"1377 Fell St",37.773443,-122.440231
"2151 Oakdale Ave",37.740042,-122.400273
"301 25th Ave",37.783636,-122.485067
"3434 17th St",37.763413,-122.422315
"750 Bryant St",37.777158,-122.401225
"678 Portola Dr",37.745028,-122.452947
"430 Irwin St",37.767928,-122.398186
"1801 Vicente St",37.738602,-122.48583
"4600 Mission St",37.724587,-122.434946
"2230 Mission St",37.76122,-122.419375
"570 Turk St",37.782394,-122.418301
"3945 Judah St",37.760242,-122.504074
"2820 Alemany Blvd",37.712964,-122.450987
"2990 San Bruno Ave",37.724122,-122.402246
"2800 Geary Blvd",37.782469,-122.449191
"121 Haight St",37.772619,-122.424322
"279 West Portal Ave",37.738076,-122.468282
"1699 Market St",37.772368,-122.422134
"649 Brannan St",37.775509,-122.399477
"1810 Folsom St",37.768248,-122.415933
"345 Williams Ave",37.729945,-122.399045
"242 Laguna Honda Blvd",37.750171,-122.460885
"757 Market St",37.786314,-122.404414
"1210 Armstrong",37.722291,-122.384757
"1501 Lombard St",37.800764,-122.426082
"1368 Bay St",37.803745,-122.429329
"191 Sutter St",37.789607,-122.403385
"4750 Geary Blvd",37.780978,-122.470009
"2558 Mission St",37.755772,-122.419428
"1201 Webster St",37.781533,-122.430695
"1540 Pine St",37.789687,-122.421045
"902 07th St",37.770231,-122.399903
"101 Cargo Way",37.740284,-122.377474
"204 Division St",37.769499,-122.406342
"2301 Market St",37.763548,-122.433026
"551 Nevada St",37.73514,-122.411327
"600 Goettingen St",37.724231,-122.405579
"750 Brannan St",37.774008,-122.402112
"345 Stockton St",37.788826,-122.406916
"3201 Steiner St",37.7987,-122.437589
"3865 Irving St",37.762332,-122.499019
"1123 Sutter St",37.787656,-122.418696
"260 Golden Gate St",37.781885,-122.41462
"99 Harding Rd",37.724088,-122.493355
"99 Harding Rd",37.724516,-122.494471
"1050 Marin St",37.749192,-122.386779
"2550 Van Ness Ave",37.799024,-122.423529
"180 Pennsylvania St",37.764324,-122.393832
"590 Bay St",37.805402,-122.416466
"2357 Lombard St",37.798995,-122.440009
"2095 Van Ness Ave",37.794629,-122.423377
"1300 Columbus Ave",37.806115,-122.418065
"1500 Van Ness Ave",37.789342,-122.421657
"50 08th St",37.777681,-122.41368
"550 North Point St",37.806397,-122.416118
"1575 South Van Ness Ave",37.748464,-122.415441
"3150 California St",37.787504,-122.44596
"999 Brotherhood Way",37.713946,-122.482646
"1674 Lombard St",37.800956,-122.428857
"480 Sutter St",37.789433,-122.408042
"3100 Webster St",37.799192,-122.433788
"1500 Sutter St",37.787265,-122.42506
"1800 Sutter Street",37.786639,-122.429988
"617 Bryant St",37.778965,-122.398203
"555 North Point St",37.805983,-122.416092
"2626 San Bruno Ave",37.728346,-122.403997
"2349 Taylor St",37.804061,-122.415055
"2299 Lombard St",37.79913,-122.438948
"4675 Geary Blvd",37.780498,-122.469041
"2201 Van Ness Ave",37.795617,-122.423499
"435 Valencia St",37.765997,-122.421546
"660 Selby St",37.743182,-122.396828
"101 Utah St",37.768255,-122.406338
"302 Silver Ave",37.728421,-122.430868
"300 07th St",37.776509,-122.407781
"638 04th St",37.777673,-122.395948
"401 Newhall St",37.741717,-122.386212
"500 Turk St",37.782513,-122.417355
"438 Taraval St",37.743425,-122.47052
"565 South Van Ness",37.764378,-122.416967
"1375 Howard St",37.774097,-122.413681
"1610 Jerrold Ave",37.739063,-122.389324
"200 Duboce Ave",37.769882,-122.424584
"2101 Lombard St",37.799511,-122.435949
"4299 Mission St",37.728747,-122.430592
"1150 Taraval St",37.743088,-122.478204
"1572 Steiner St",37.783802,-122.43405
"4190 Geary Blvd",37.781259,-122.463955
"1825 Egbert Ave",37.726739,-122.400034
"1152 Ocean Ave",37.723873,-122.454987
"2150 Taraval St",37.742617,-122.488918
"3825 Geary Blvd",37.78083,-122.46054
"7001 Geary Blvd",37.779381,-122.494137
"2599 Lombard St",37.798508,-122.443931
"280 Brighton Ave",37.723173,-122.454684
"1225 La Playa St",37.763354,-122.509848
"99 Lakeshore Plz",37.733436,-122.490478
"2024 Ocean Ave",37.726445,-122.464619
"3545 California St",37.786273,-122.452285
"4175 Mission St",37.73002,-122.429473
"240 Townsend St",37.778193,-122.393702
"300 Lake St",37.78693,-122.462264
"1475 Lombard St",37.800842,-122.425464
"1110 Valencia St",37.754826,-122.421028
"2576 Lombard St",37.799054,-122.443724
"299 02nd St",37.785682,-122.396384
"1250 Columbus Ave",37.805687,-122.417451
"55 04th St",37.785102,-122.40454
"975 Bush St",37.78934,-122.413008
"1889 Haight St",37.768952,-122.453003
"189 Townsend St",37.77889,-122.392083
"2103 16th St",37.765531,-122.407626
"2821 Oakdale Ave",37.742442,-122.404509
"345 Bay Shore",37.805479,-122.412479
"5413 03rd St",37.728028,-122.392539
"5450 Mission St",37.713157,-122.444268
"570 Golden Gate Ave",37.781245,-122.419755
"820 Bryant St",37.775803,-122.402941
"1201 Ocean Ave",37.723417,-122.455112
"2161 Lombard St",37.799405,-122.43678
"3355 Geary Blvd",37.781195,-122.454536
"989 Post St",37.786819,-122.417787
"701 Portola Dr",37.744359,-122.453012
"3068 16th St",37.765116,-122.421036
"798 Valencia St",37.760279,-122.421481
"2450 Harrison St",37.757945,-122.412464
"2435 California St",37.788576,-122.43423
"5750 Mission St",37.709806,-122.450047
"100 Diamond St",37.760534,-122.437244
"895 Geary St",37.785877,-122.41764
"1525 Burke Ave",37.743935,-122.385473
"300 Ulloa St",37.742058,-122.457213
"4 Persia Ave",37.723548,-122.43642
"49 Kern St",37.733795,-122.43426
"2785 Newhall St",37.727882,-122.39839
"1215 Fairfax Ave",37.738133,-122.381915
"1270 La Playa St",37.762703,-122.509248
"1275 Fairfax Ave",37.73865,-122.382823
"1575 Burke Ave",37.744469,-122.38641
"1759 Lincoln Way",37.765163,-122.476622
"220 Newhall St",37.742615,-122.384169
"2598 Taylor St",37.806236,-122.414967
"2648 03rd St",37.756087,-122.388218
"900 Franklin St",37.782717,-122.422027
"1490 Ocean Ave",37.724465,-122.45779
"232 Dorado Ter",37.726484,-122.461442
"1750 Harrison St",37.769046,-122.413492
"3300 Cesar Chavez",37.748407,-122.415909
"599 Skyline Blvd",37.714519,-122.496399
"1050 Van Ness Ave",37.785344,-122.420829
"855 Brotherhood Way",37.714206,-122.478878
"5400 Mission St",37.713653,-122.443737
"2598 Bayshore Blvd",37.709034,-122.405187
"2000 19th Ave",37.7503,-122.475639
"325 04th St",37.781868,-122.400469
"1555 Union St",37.798188,-122.42464
"975 Bryant St",37.772926,-122.405845
"2946 Alemany Blvd",37.711782,-122.452506
"1157 Capp St",37.748242,-122.417208
"3127 22nd St",37.755272,-122.417064
"6001 Geary Blvd",37.779878,-122.483393
"1960 Carroll Ave",37.72902,-122.399708
"651 Brannan St",37.77548,-122.399514
"250 Florida St",37.766047,-122.411554
"1975 Market St",37.769099,-122.426187
"3701 Noriega St",37.752799,-122.503167
"601 Eddy St",37.783039,-122.417463
"3535 Geary Blvd",37.781026,-122.456615
"426 33rd Ave",37.780985,-122.492954
"3349 Mission St",37.743105,-122.420984
"3349 Mission St",37.743105,-122.420984
"950 P-mason St",37.805281,-122.468629
"659 South Van Ness",37.762619,-122.416796
"132 Fisher Loop",37.799566,-122.461759
"2264 16th St",37.765947,-122.409035
"2390 Market St",37.763116,-122.434808
"1146 Gorgas Ave",37.802948,-122.451021
"51 P-arguello Blvd",37.790462,-122.459219
"2361 Lombard St",37.798988,-122.440064
"1500 19th Ave",37.759625,-122.476281
"210 Beach St",37.807808,-122.412479
"1748 Folsom St",37.769229,-122.414886
"1940 Lombard St",37.800389,-122.433322
"240 07th St",37.777259,-122.408722
"855 Terry A Francois Blvd",37.764853,-122.386755
"1530 Lombard St",37.801242,-122.426604
"840 Brannan St",37.772401,-122.404145
"1965 Market St",37.769465,-122.425868
"2045 Evans",37.747613,-122.396405
"1580 Tennessee St",37.751656,-122.388719
"251 18th Ave",37.783216,-122.477511
"231 Dorado Ter",37.726079,-122.461488
"2828 Sloat Blvd",37.735717,-122.504362
"101 09th St",37.77605,-122.413914
"860 Eddy St",37.782926,-122.421639
"685 07th St",37.772179,-122.401615
"6333 Geary Blvd",37.779655,-122.487048
"211 Industrial Ave",37.738314,-122.404351
"5501 03rd St",37.727616,-122.392777
"1391 Webster St",37.783534,-122.431445
"15 Marina Blvd",37.80492,-122.432227
"2050 Market St",37.768348,-122.428196
"215 Townsend St",37.777227,-122.3934
"2350 Noriega St",37.753854,-122.488628
"3350 Mission St",37.743086,-122.421579
"4950 Mission St",37.719447,-122.438874
"5290 Diamond Heights Blvd",37.743589,-122.438122
"631 Monterey Blvd",37.73124,-122.449455
"730 Taraval St",37.743284,-122.473747
"850 La Playa St",37.772276,-122.509516
"490 Goettingen St",37.725744,-122.406209
"300 Deharo St",37.76594,-122.401777
"2480 San Bruno Ave",37.730452,-122.404864
"3800 03rd St",37.742753,-122.387989
"146 Executive Park Blvd",37.711016,-122.391436
"156 Executive Park Blvd",37.710997,-122.393391
"1022 Peralta Ave",37.736874,-122.409199
"1828 Egbert Ave",37.727157,-122.399987
"1388 46th Ave",37.760724,-122.505504
"2200 Bayshore Blvd",37.712345,-122.402336
"2222 Taraval St",37.74258,-122.489745
"3080 San Jose Ave",37.709954,-122.457329
"240 Shotwell St",37.764918,-122.416427
"1750 Lombard St",37.800789,-122.430171
"112 Fisher Loop",37.79955,-122.461961
"501 Tunnel Ave",37.708475,-122.400881
"655 Presidio Ave",37.785717,-122.446575
"905 Potrero",37.75773,-122.406127
"2399 19th Ave",37.743169,-122.475783
"3035 Geary Blvd",37.781609,-122.451253
"319 Bay Shore Blvd",37.742603,-122.404945
"1549 Silver Ave",37.732638,-122.405418
"2501 California St",37.788425,-122.435419
"320 04th St",37.781582,-122.400842
"2525 Irving St",37.762963,-122.484741
"3911 03rd St",37.741637,-122.387747
"2190 Carroll Ave",37.730714,-122.402945
"1548 Silver Ave",37.732297,-122.405128
"92 The Embarcadero",37.795281,-122.392068
"2700 Sloat Blvd",37.735628,-122.502821
"174 South Van Ness Ave",37.770495,-122.417962
"353 Bay Shore Blvd",37.741856,-122.405501
"2401 Keith St",37.725993,-122.391889
"3050 23rd St",37.754328,-122.412861
"1195 Evans Ave",37.738359,-122.380742
"1690 Folsom St",37.769819,-122.41556
"1590 Bryant St",37.767192,-122.410769
"610 P-mason St",37.803128,-122.458125
"694 P-mason St",37.803437,-122.456789
"1810 Pierce St",37.786755,-122.436335
"825 Newhall St",37.739161,-122.388517
"1940 Turk St",37.779529,-122.440892
"245 Olympia Way",37.750992,-122.451113
"1111 Gough St",37.784623,-122.425286
"3281 16th St",37.764423,-122.425658
"5200 Diamond Heights Blvd",37.744901,-122.44005
"1248 Alabama St",37.751838,-122.410957
"1025 Masonic St",37.771717,-122.446149
"3215 Cesar Chavez St",37.747934,-122.414239
"2250 Hayes St",37.773404,-122.453119
"1300 Junipero Serra Blvd",37.714094,-122.471762
"1727 Lombard St",37.8003,-122.429732
"3251 20th Avenue",37.728946,-122.47604
"65 Cambon Dr",37.718091,-122.474036
"1840 Powell St",37.801551,-122.410651
"1700 Noriega St",37.754156,-122.481764
"2801 Vicente St",37.738119,-122.496758
"2440 Lombard St",37.799329,-122.441552
"2265 Lombard St",37.79919,-122.438479
"3898 California St",37.785851,-122.458919
"7355 Geary Blvd",37.779171,-122.497966
"154 South Van Ness Ave",37.771023,-122.418165
"3201 17th St",37.763349,-122.41742
"65 Beverly St",37.717162,-122.471694
"2200 Market St",37.765716,-122.431384
"1446 Mcallister St",37.77827,-122.435685
"1030 Edie Rd",37.801108,-122.451869
"2502 Geary St",37.78291,-122.444477
"1650 Lombard St",37.800998,-122.428525
"3 Masonic Ave",37.783126,-122.447271
"401 Bay St",37.805347,-122.413538
"555 09th St",37.770716,-122.407328
"1450 Lombard St",37.801415,-122.425241
"1707 Market St",37.771962,-122.42213
"2230 Lombard St",37.79978,-122.438118
"130 Townsend St",37.78019,-122.391172
"333 Bay St",37.805499,-122.412317
"2500 Bayshore Blvd",37.710373,-122.404443
"5301 03rd St",37.729205,-122.392171
"1140 Crescent Ave",37.734388,-122.411714
"438 08th St",37.773099,-122.407924
"901 Fillmore St",37.777712,-122.43166
"889 Tennessee St",37.760635,-122.389059
"4991 03rd St",37.733095,-122.390792
"385 09th St",37.772847,-122.409978
"301 Claremont Blvd",37.740451,-122.46463
"2991 San Bruno Ave",37.724039,-122.401666
"4150 Clement St",37.782172,-122.504587
"1 Newhall St",37.739055,-122.377772
"1990 Ocean Ave",37.72616,-122.46406
"181 03rd St",37.785383,-122.400421
"2120 Polk St",37.796181,-122.421373
"5300 03rd St",37.729287,-122.392705
"660 04th St",37.777343,-122.395535
"1301 Franklin St",37.786368,-122.42329
"1690 Ocean Ave",37.724842,-122.459573
"199 Parnassus Ave",37.764275,-122.452203
"2131 Ofarrell",37.782131,-122.439752
"2225 Bush St",37.786707,-122.433716
"270 Fell Street",37.776174,-122.4221
"3001 Taraval St",37.741796,-122.498093
"3201 Divisadero St",37.799017,-122.442735
"70 Capp St",37.765686,-122.418723
"795 Eddy St",37.78267,-122.420369
"1199 Potrero Ave",37.753117,-122.405563
"2145 Market St",37.766552,-122.429423
"104 Vicente Ave",37.740035,-122.467217
"153 West Portal Ave",37.738973,-122.467226
"1740 Divisadero St",37.785635,-122.439459
"3027 16th St",37.764764,-122.420011
"3670 Geary Blvd",37.781508,-122.458328
"800 Ulloa St",37.740803,-122.464949
"2601 Mason St",37.807496,-122.414061
"200 Jennings St",37.739138,-122.377881
"3315 18th St",37.761691,-122.417345
"1765 California St",37.789988,-122.423123
"450 Rhode Island St",37.764069,-122.402571
"2715 Geary Blvd",37.781992,-122.44805
"1791 Ocean Ave",37.724642,-122.460938
"1220 06th St",37.765624,-122.462757
"354 18th Ave",37.781284,-122.476853
"1555 Yosemite",37.726148,-122.390771
"3489 Mission St",37.741053,-122.422311
"2511 California St",37.788407,-122.435553
"540 Ellis St",37.784726,-122.41496
"100 Buchanan St",37.771535,-122.42642
"281 Noe St",37.764887,-122.432749
"50 Trumbull St",37.730522,-122.428742
"100 Valencia St",37.771303,-122.422517
"1479 Illinois St",37.753291,-122.386322
"1490 Illinois St",37.753134,-122.386989
"2955 03rd St",37.752073,-122.387162
"898 Pennsylvania St",37.755154,-122.393259
"902 Pennsylvania St",37.754777,-122.393234
"501 23rd St",37.755309,-122.383242
"2201 Market St",37.765395,-122.430998
"431 South Van Ness",37.766137,-122.417067
"392 South Van Ness Ave",37.766933,-122.417745
"750 South Van Ness Ave",37.761116,-122.416623
"451 Capp St",37.759525,-122.417155
"890 South Van Ness Ave",37.758863,-122.416937
"462 Florida St",37.763308,-122.411715
"2480 16th St",37.765714,-122.410964
"2428 16th St",37.765365,-122.410673
"986 South Van Ness Ave",37.757395,-122.416812
"966 South Van Ness Ave",37.758041,-122.416868
"50 14th St",37.768699,-122.41456
"180 14th St",37.768543,-122.417383
"214 14th St",37.768529,-122.417927
"215 14th St",37.768172,-122.417866
"1811 Noriega Ave",37.753974,-122.476687
"1799 19th Ave",37.754392,-122.476623
"Scott St",37.784331,-122.437409
"2140 Geary Blvd",37.783849,-122.438333
Geary,37.783156,-122.442183
Masonic,37.782777,-122.447215
"2700 Geary",37.782818,-122.448166
"Lorraine Ct",37.780454,-122.457133
"Stanyan St",37.780696,-122.456292
"04th Ave",37.780531,-122.461635
"Geary Blvd",37.780543,-122.467591
"10th Ave",37.780288,-122.467985
"29 Rockaway Ave",37.743506,-122.455367
"99 Battery Chamberlin",37.792183,-122.483682
"99 Gibson Rd",37.790062,-122.483796
"701 Great Hwy",37.774667,-122.511729
"98 Seargeant John Young St",37.725159,-122.444994
"99 Havelock St",37.72649,-122.443216
"99 P-lincoln Blvd",37.803197,-122.476696
"171 Hunters Point Expy",37.711055,-122.381151
"195 Hunters Point Expy",37.709499,-122.381434
"340 Sea Cliff Ave",37.787251,-122.490992
"99 Zanowitz St",37.805732,-122.451675
"50 Merrie Way",37.780024,-122.511658
"1 Telegraph Hill Blvd",37.802799,-122.405801
"215 Gorgas Ave",37.803123,-122.452865
"1641 Geneva Ave",37.711994,-122.427879
"725 Moscow St",37.715979,-122.431087
"848 P-mason St",37.803066,-122.465356
"2500 17th St",37.76485,-122.408397
"656 Skyline Blvd",37.715938,-122.499032
"Fort Funston Rd",37.713229,-122.49992
"50 Marina Blvd",37.805264,-122.432798
"1000 Great Hwy",37.769001,-122.51013
"1999 John F Kennedy Dr",37.767795,-122.507305
"1820 Martin Luther King Jr Dr",37.765691,-122.50073
"110 Stow Lake Dr",37.770482,-122.477059
"200 Bowling Green Dr",37.768485,-122.458924
"1740 Martin Luther King Jr Dr",37.76578,-122.499405
"6335 Fulton St",37.77129,-122.498884
"1232 John F Kennedy Dr",37.770067,-122.48703
"990 47th Ave",37.769463,-122.507666
"98 Metson Rd",37.766522,-122.495478
"6163 Fulton St",37.771733,-122.496736
"1730 Sunnydale Ave",37.712306,-122.416653
"1145 Lake Merced Blvd",37.7131,-122.485421
"318 John Muir Dr",37.711918,-122.488671
"500 John Muir Dr",37.715458,-122.492842
"130 P-arguello Blvd",37.791964,-122.458383
"1298 El Camino Del Mar",37.785371,-122.499242
"3750 Clement St",37.781708,-122.49489
"1350 El Camino Del Mar",37.785116,-122.501319
"370 Marina Blvd",37.806401,-122.439032
"150 Marina Blvd",37.805768,-122.434358
"75 John F Shelley Dr",37.721799,-122.418069
"55 John F Shelley Dr",37.722905,-122.42152
"1720 Sunnydale Ave",37.712299,-122.416622
"1075 Great Hwy",37.767401,-122.511022
"2199 Jefferson St",37.803842,-122.44784
"51 Palace Of Fine Arts",37.803436,-122.449799
"104 P-montgomery St",37.801249,-122.457428
"2400 El Camino Del Mar",37.782262,-122.509126
"11 Ralston Ave",37.80397,-122.475156
"1155 Gorgas Ave",37.802473,-122.451639
"173 Pena St",37.798135,-122.458082
"1820 Wedemeyer St",37.787369,-122.47364
"1825 Wedemeyer St",37.787641,-122.473168
"1843 Wedemeyer St",37.787447,-122.474618
"298 Gorgas Ave",37.803745,-122.453235
"51 P-ord St",37.800293,-122.460526
"974 P-lincoln Blvd",37.807104,-122.471947
"2 Howard Rd",37.788298,-122.481104
"197 Museum Way",37.764238,-122.438898
"2446 17th St",37.765017,-122.407807
"2801 Great Hwy",37.734315,-122.507
"746 Morton St",37.795589,-122.453199
"874 P-mason St",37.80337,-122.467071
"751 Point Lobos Ave",37.778819,-122.511976
"50 Christmas Tree Point Rd",37.755034,-122.446597
"3100 Quintara",37.747804,-122.498516
"41 Yacht Rd",37.806726,-122.447235
" ",37.789327,-122.461089
"P-hamilton St",37.807006,-122.469893
"Marine Dr",37.809304,-122.475508
"375 Berry St",37.772971,-122.397162
"560 Geary St",37.786881,-122.412629
